Category: All categories,,,
,,,
Time,Milkshake: (United States),Hamburger: (United States),Breakup: (United States)
2026-04-06T10:32:00-04:00,14,34,12
2026-04-06T10:40:00-04:00,14,34,14
2026-04-06T10:48:00-04:00,17,38,12
2026-04-06T10:56:00-04:00,17,40,13
2026-04-06T11:04:00-04:00,14,42,12
2026-04-06T11:12:00-04:00,18,39,14
2026-04-06T11:20:00-04:00,18,42,13
2026-04-06T11:28:00-04:00,17,42,11
2026-04-06T11:36:00-04:00,18,46,12
2026-04-06T11:44:00-04:00,16,47,13
2026-04-06T11:52:00-04:00,16,47,12
2026-04-06T12:00:00-04:00,16,47,12
2026-04-06T12:08:00-04:00,17,49,14
2026-04-06T12:16:00-04:00,17,53,12
2026-04-06T12:24:00-04:00,18,49,12
2026-04-06T12:32:00-04:00,17,50,13
2026-04-06T12:40:00-04:00,17,51,11
2026-04-06T12:48:00-04:00,19,52,11
2026-04-06T12:56:00-04:00,19,53,13
2026-04-06T13:04:00-04:00,18,58,12
2026-04-06T13:12:00-04:00,19,56,13
2026-04-06T13:20:00-04:00,18,52,13
2026-04-06T13:28:00-04:00,18,53,14
2026-04-06T13:36:00-04:00,18,50,13
2026-04-06T13:44:00-04:00,19,52,12
2026-04-06T13:52:00-04:00,16,53,12
2026-04-06T14:00:00-04:00,18,53,12
2026-04-06T14:08:00-04:00,18,56,13
2026-04-06T14:16:00-04:00,19,50,13
2026-04-06T14:24:00-04:00,18,50,13
2026-04-06T14:32:00-04:00,18,51,12
2026-04-06T14:40:00-04:00,18,47,13
2026-04-06T14:48:00-04:00,18,54,12
2026-04-06T14:56:00-04:00,18,55,13
2026-04-06T15:04:00-04:00,17,60,13
2026-04-06T15:12:00-04:00,20,53,13
2026-04-06T15:20:00-04:00,18,53,14
2026-04-06T15:28:00-04:00,19,57,13
2026-04-06T15:36:00-04:00,19,58,12
2026-04-06T15:44:00-04:00,20,57,13
2026-04-06T15:52:00-04:00,19,57,13
2026-04-06T16:00:00-04:00,19,61,14
2026-04-06T16:08:00-04:00,19,67,12
2026-04-06T16:16:00-04:00,18,59,14
2026-04-06T16:24:00-04:00,19,61,11
2026-04-06T16:32:00-04:00,19,67,13
2026-04-06T16:40:00-04:00,20,65,13
2026-04-06T16:48:00-04:00,21,69,12
2026-04-06T16:56:00-04:00,19,72,13
2026-04-06T17:04:00-04:00,21,75,14
2026-04-06T17:12:00-04:00,22,79,12
2026-04-06T17:20:00-04:00,19,78,13
2026-04-06T17:28:00-04:00,21,82,15
2026-04-06T17:36:00-04:00,20,84,14
2026-04-06T17:44:00-04:00,23,89,17
2026-04-06T17:52:00-04:00,22,89,16
2026-04-06T18:00:00-04:00,24,89,16
2026-04-06T18:08:00-04:00,23,89,13
2026-04-06T18:16:00-04:00,20,92,16
2026-04-06T18:24:00-04:00,22,97,15
2026-04-06T18:32:00-04:00,23,92,16
2026-04-06T18:40:00-04:00,22,98,16
2026-04-06T18:48:00-04:00,24,92,15
2026-04-06T18:56:00-04:00,23,89,15
2026-04-06T19:04:00-04:00,27,100,13
2026-04-06T19:12:00-04:00,26,89,15
2026-04-06T19:20:00-04:00,27,86,15
2026-04-06T19:28:00-04:00,28,82,17
2026-04-06T19:36:00-04:00,21,89,15
2026-04-06T19:44:00-04:00,25,86,17
2026-04-06T19:52:00-04:00,25,82,18
2026-04-06T20:00:00-04:00,26,80,18
2026-04-06T20:08:00-04:00,26,78,17
2026-04-06T20:16:00-04:00,24,75,16
2026-04-06T20:24:00-04:00,24,73,17
2026-04-06T20:32:00-04:00,25,69,19
2026-04-06T20:40:00-04:00,25,76,19
2026-04-06T20:48:00-04:00,27,66,18
2026-04-06T20:56:00-04:00,25,62,19
2026-04-06T21:04:00-04:00,27,89,19
2026-04-06T21:12:00-04:00,24,74,19
2026-04-06T21:20:00-04:00,22,61,19
2026-04-06T21:28:00-04:00,25,65,18
2026-04-06T21:36:00-04:00,22,60,19
2026-04-06T21:44:00-04:00,23,53,19
2026-04-06T21:52:00-04:00,24,54,19
2026-04-06T22:00:00-04:00,22,53,19
2026-04-06T22:08:00-04:00,21,51,21
2026-04-06T22:16:00-04:00,21,50,20
2026-04-06T22:24:00-04:00,20,50,22
2026-04-06T22:32:00-04:00,24,49,22
2026-04-06T22:40:00-04:00,22,46,20
2026-04-06T22:48:00-04:00,22,44,23
2026-04-06T22:56:00-04:00,19,46,22
2026-04-06T23:04:00-04:00,21,41,20
2026-04-06T23:12:00-04:00,20,39,22
2026-04-06T23:20:00-04:00,21,38,18
2026-04-06T23:28:00-04:00,20,41,23
2026-04-06T23:36:00-04:00,20,40,23
2026-04-06T23:44:00-04:00,21,43,25
2026-04-06T23:52:00-04:00,20,38,22
2026-04-07T00:00:00-04:00,21,41,25
2026-04-07T00:08:00-04:00,18,42,28
2026-04-07T00:16:00-04:00,16,37,26
2026-04-07T00:24:00-04:00,21,42,25
2026-04-07T00:32:00-04:00,21,34,23
2026-04-07T00:40:00-04:00,21,35,27
2026-04-07T00:48:00-04:00,19,38,28
2026-04-07T00:56:00-04:00,18,39,30
2026-04-07T01:04:00-04:00,23,35,25
2026-04-07T01:12:00-04:00,21,36,23
2026-04-07T01:20:00-04:00,19,42,28
2026-04-07T01:28:00-04:00,20,34,28
2026-04-07T01:36:00-04:00,17,40,27
2026-04-07T01:44:00-04:00,13,35,25
2026-04-07T01:52:00-04:00,20,31,28
2026-04-07T02:00:00-04:00,20,33,30
2026-04-07T02:08:00-04:00,17,32,27
2026-04-07T02:16:00-04:00,18,37,24
2026-04-07T02:24:00-04:00,13,36,26
2026-04-07T02:32:00-04:00,15,37,28
2026-04-07T02:40:00-04:00,14,29,30
2026-04-07T02:48:00-04:00,19,33,28
2026-04-07T02:56:00-04:00,18,33,24
2026-04-07T03:04:00-04:00,15,32,29
2026-04-07T03:12:00-04:00,17,56,27
2026-04-07T03:20:00-04:00,17,49,24
2026-04-07T03:28:00-04:00,18,37,24
2026-04-07T03:36:00-04:00,16,33,25
2026-04-07T03:44:00-04:00,12,31,20
2026-04-07T03:52:00-04:00,11,29,25
2026-04-07T04:00:00-04:00,17,32,25
2026-04-07T04:08:00-04:00,14,31,28
2026-04-07T04:16:00-04:00,18,29,24
2026-04-07T04:24:00-04:00,18,24,26
2026-04-07T04:32:00-04:00,11,28,21
2026-04-07T04:40:00-04:00,16,26,21
2026-04-07T04:48:00-04:00,10,24,17
2026-04-07T04:56:00-04:00,14,26,20
2026-04-07T05:04:00-04:00,13,22,16
2026-04-07T05:12:00-04:00,17,29,13
2026-04-07T05:20:00-04:00,17,22,21
2026-04-07T05:28:00-04:00,12,23,20
2026-04-07T05:36:00-04:00,18,25,23
2026-04-07T05:44:00-04:00,20,28,16
2026-04-07T05:52:00-04:00,13,26,22
2026-04-07T06:00:00-04:00,15,26,19
2026-04-07T06:08:00-04:00,13,22,17
2026-04-07T06:16:00-04:00,14,26,17
2026-04-07T06:24:00-04:00,17,24,15
2026-04-07T06:32:00-04:00,17,23,15
2026-04-07T06:40:00-04:00,16,24,19
2026-04-07T06:48:00-04:00,18,24,14
2026-04-07T06:56:00-04:00,16,25,17
2026-04-07T07:04:00-04:00,18,25,17
2026-04-07T07:12:00-04:00,16,26,16
2026-04-07T07:20:00-04:00,20,24,15
2026-04-07T07:28:00-04:00,19,23,15
2026-04-07T07:36:00-04:00,17,25,12
2026-04-07T07:44:00-04:00,19,27,15
2026-04-07T07:52:00-04:00,16,27,14
2026-04-07T08:00:00-04:00,16,29,12
2026-04-07T08:08:00-04:00,19,27,12
2026-04-07T08:16:00-04:00,13,24,12
2026-04-07T08:24:00-04:00,17,29,13
2026-04-07T08:32:00-04:00,17,30,13
2026-04-07T08:40:00-04:00,16,28,11
2026-04-07T08:48:00-04:00,15,27,12
2026-04-07T08:56:00-04:00,15,32,11
2026-04-07T09:04:00-04:00,17,29,13
2026-04-07T09:12:00-04:00,14,26,10
2026-04-07T09:20:00-04:00,17,28,13
2026-04-07T09:28:00-04:00,15,29,12
2026-04-07T09:36:00-04:00,16,32,12
2026-04-07T09:44:00-04:00,16,31,10
2026-04-07T09:52:00-04:00,14,32,11
2026-04-07T10:00:00-04:00,15,35,10
2026-04-07T10:08:00-04:00,16,31,10
2026-04-07T10:16:00-04:00,18,30,12
2026-04-07T10:24:00-04:00,15,35,11
2026-04-07T10:32:00-04:00,16,38,10
